{
  "split": "val",
  "imgsz": 640,
  "conf": 0.25,
  "iou": 0.7,
  "metrics": {
    "map50_95": 0.4374999999999999,
    "map50": 0.6249999999999999,
    "precision": 1.0,
    "recall": 0.25,
    "fitness": 0.4374999999999999
  }
}